w0,w1,w2,w3,a0,a1,a2,a3,b0,b1,b2,b3,direction
280,400,280,400,,,,,,,,,1
280,392,280,408,,,,,,,,,1
280,384,280,416,0.0,0.0,1.0,0.0,,,,,2
288,384,272,416,0.0,0.0,1.0,0.0,,,,,2
296,384,264,416,0.0,0.0,1.0,0.0,,,,,2
304,384,256,416,0.0,0.0,1.0,0.0,,,,,2
312,384,248,416,0.0,0.0,1.0,0.0,,,,,2
320,384,240,416,0.0,0.0,1.0,0.0,,,,,2
328,384,232,416,0.0,0.0,1.0,0.0,,,,,2
336,384,224,416,0.0,0.0,1.0,0.0,,,,,2
344,384,216,416,0.0,0.0,1.0,0.0,,,,,2
352,384,208,416,0.0,0.0,1.0,0.0,,,,,2
360,384,200,416,0.0,0.0,1.0,0.0,,,,,2
368,384,192,416,0.0,0.0,1.0,0.0,,,,,2
376,384,184,416,0.0,0.0,1.0,0.0,,,,,2
384,384,176,416,0.0,0.0,1.0,0.0,,,,,2
392,384,168,416,0.0,0.0,1.0,0.0,,,,,2
400,384,160,416,0.0,0.0,1.0,0.0,,,,,2
408,384,152,416,,,,,1.0,0.0,0.0,0.0,0
400,384,160,416,,,,,0.0,0.0,1.0,0.0,0
392,384,168,416,,,,,0.0,0.0,1.0,0.0,0
384,384,176,416,,,,,0.0,0.0,1.0,0.0,0
376,384,184,416,,,,,0.0,0.0,1.0,0.0,0
368,384,192,416,,,,,0.0,0.0,1.0,0.0,0
360,384,200,416,,,,,0.0,0.0,1.0,0.0,0
352,384,208,416,,,,,0.0,0.0,1.0,0.0,0
344,384,216,416,,,,,0.0,0.0,1.0,0.0,0
336,384,224,416,,,,,0.0,0.0,1.0,0.0,0
328,384,232,416,,,,,0.0,0.0,1.0,0.0,0
320,384,240,416,,,,,0.0,0.0,1.0,0.0,0
312,384,248,416,0.0,1.0,0.0,0.0,0.0,0.0,1.0,0.0,1
312,376,248,424,0.0,1.0,0.0,0.0,0.0,0.0,0.0,1.0,1
312,368,248,432,0.0,1.0,0.0,0.0,0.0,0.0,0.0,1.0,1
312,360,248,440,0.0,1.0,0.0,0.0,0.0,0.0,0.0,1.0,1
312,352,248,448,0.0,1.0,0.0,0.0,0.0,0.0,0.0,1.0,1
312,344,248,456,0.0,1.0,0.0,0.0,0.0,0.0,0.0,1.0,1
312,336,248,464,0.0,1.0,0.0,0.0,0.0,0.0,0.0,1.0,1
312,328,248,472,0.0,1.0,0.0,0.0,0.0,0.0,0.0,1.0,1
312,320,248,480,0.0,1.0,0.0,0.0,0.0,0.0,0.0,1.0,1
312,312,248,488,0.0,1.0,0.0,0.0,0.0,0.0,0.0,1.0,1
312,304,248,496,0.0,1.0,0.0,0.0,0.0,0.0,0.0,1.0,1
312,296,248,504,0.0,1.0,0.0,0.0,0.0,0.0,0.0,1.0,1
312,288,248,512,0.0,1.0,0.0,0.0,0.0,0.0,0.0,1.0,1
312,280,248,520,0.0,1.0,0.0,0.0,0.0,0.0,0.0,1.0,1
312,272,248,528,0.0,1.0,0.0,0.0,0.0,0.0,0.0,1.0,1
312,264,248,536,0.0,1.0,0.0,0.0,0.0,0.0,0.0,1.0,1
312,256,248,544,0.0,1.0,0.0,0.0,0.0,0.0,0.0,1.0,1
312,248,248,552,0.0,1.0,0.0,0.0,0.0,0.0,0.0,1.0,1
312,240,248,560,0.0,1.0,0.0,0.0,0.0,0.0,0.0,1.0,1
312,232,248,568,0.0,1.0,0.0,0.0,0.0,0.0,0.0,1.0,1
312,224,248,576,0.0,1.0,0.0,0.0,0.0,0.0,0.0,1.0,1
312,216,248,584,0.0,1.0,0.0,0.0,0.0,0.0,0.0,1.0,1
312,208,248,592,0.0,1.0,0.0,0.0,0.0,0.0,0.0,1.0,1
312,200,248,600,0.0,1.0,0.0,0.0,0.0,0.0,0.0,1.0,1
312,192,248,608,0.0,1.0,0.0,0.0,0.0,0.0,0.0,1.0,1
312,184,248,616,0.0,1.0,0.0,0.0,0.0,0.0,0.0,1.0,1
312,176,248,624,0.0,1.0,0.0,0.0,0.0,0.0,0.0,1.0,1
312,168,248,632,0.0,1.0,0.0,0.0,0.0,0.0,0.0,1.0,1
312,160,248,640,0.0,1.0,0.0,0.0,0.0,0.0,0.0,1.0,1
312,152,248,648,0.0,1.0,0.0,0.0,0.0,0.0,0.0,1.0,1
312,144,248,656,0.0,1.0,0.0,0.0,0.0,0.0,0.0,1.0,1
312,136,248,664,0.0,1.0,0.0,0.0,0.0,0.0,0.0,1.0,1
312,128,248,672,0.0,1.0,0.0,0.0,0.0,0.0,0.0,1.0,1
312,120,248,680,0.0,1.0,0.0,0.0,0.0,0.0,0.0,1.0,1
312,112,248,688,0.0,1.0,0.0,0.0,0.0,0.0,0.0,1.0,1
312,104,248,696,0.0,1.0,0.0,0.0,0.0,0.0,0.0,1.0,1
312,96,248,704,,,,,0.0,0.0,0.0,1.0,0
304,96,256,704,,,,,0.0,0.0,1.0,0.0,0
296,96,264,704,,,,,0.0,0.0,1.0,0.0,0
288,96,272,704,,,,,0.0,0.0,1.0,0.0,0
280,96,280,704,,,,,0.0,0.0,1.0,0.0,0
272,96,288,704,,,,,0.0,0.0,1.0,0.0,0
264,96,296,704,,,,,0.0,0.0,1.0,0.0,0
256,96,304,704,,,,,0.0,0.0,1.0,0.0,0
248,96,312,704,0.0,0.0,0.0,1.0,0.0,0.0,1.0,0.0,3
248,104,312,696,0.0,0.0,0.0,1.0,0.0,1.0,0.0,0.0,3
248,112,312,688,0.0,0.0,0.0,1.0,0.0,1.0,0.0,0.0,3
248,120,312,680,0.0,0.0,0.0,1.0,0.0,1.0,0.0,0.0,3
248,128,312,672,0.0,0.0,0.0,1.0,0.0,1.0,0.0,0.0,3
248,136,312,664,0.0,0.0,0.0,1.0,0.0,1.0,0.0,0.0,3
248,144,312,656,0.0,0.0,0.0,1.0,0.0,1.0,0.0,0.0,3
248,152,312,648,0.0,0.0,0.0,1.0,0.0,1.0,0.0,0.0,3
248,160,312,640,0.0,0.0,0.0,1.0,0.0,1.0,0.0,0.0,3
248,168,312,632,0.0,0.0,0.0,1.0,0.0,1.0,0.0,0.0,3
248,176,312,624,0.0,0.0,0.0,1.0,0.0,1.0,0.0,0.0,3
248,184,312,616,0.0,0.0,0.0,1.0,0.0,1.0,0.0,0.0,3
248,192,312,608,0.0,0.0,0.0,1.0,0.0,1.0,0.0,0.0,3
248,200,312,600,0.0,0.0,0.0,1.0,0.0,1.0,0.0,0.0,3
248,208,312,592,0.0,0.0,0.0,1.0,0.0,1.0,0.0,0.0,3
248,216,312,584,0.0,0.0,0.0,1.0,0.0,1.0,0.0,0.0,3
248,224,312,576,0.0,0.0,0.0,1.0,0.0,1.0,0.0,0.0,3
248,232,312,568,0.0,0.0,0.0,1.0,0.0,1.0,0.0,0.0,3
248,240,312,560,0.0,0.0,0.0,1.0,0.0,1.0,0.0,0.0,3
248,248,312,552,0.0,0.0,0.0,1.0,0.0,1.0,0.0,0.0,3
248,256,312,544,0.0,0.0,0.0,1.0,0.0,1.0,0.0,0.0,3
248,264,312,536,0.0,0.0,0.0,1.0,0.0,1.0,0.0,0.0,3
248,272,312,528,0.0,0.0,0.0,1.0,0.0,1.0,0.0,0.0,3
248,280,312,520,0.0,0.0,0.0,1.0,0.0,1.0,0.0,0.0,3
248,288,312,512,0.0,0.0,0.0,1.0,0.0,1.0,0.0,0.0,3
248,296,312,504,0.0,0.0,0.0,1.0,0.0,1.0,0.0,0.0,3
248,304,312,496,0.0,0.0,0.0,1.0,0.0,1.0,0.0,0.0,3
248,312,312,488,0.0,0.0,0.0,1.0,0.0,1.0,0.0,0.0,3
248,320,312,480,0.0,0.0,0.0,1.0,0.0,1.0,0.0,0.0,3
248,328,312,472,0.0,0.0,0.0,1.0,0.0,1.0,0.0,0.0,3
248,336,312,464,0.0,0.0,0.0,1.0,0.0,1.0,0.0,0.0,3
248,344,312,456,0.0,0.0,0.0,1.0,0.0,1.0,0.0,0.0,3
248,352,312,448,0.0,0.0,0.0,1.0,0.0,1.0,0.0,0.0,3
248,360,312,440,0.0,0.0,0.0,1.0,0.0,1.0,0.0,0.0,3
248,368,312,432,0.0,0.0,0.0,1.0,0.0,1.0,0.0,0.0,3
248,376,312,424,0.0,0.0,0.0,1.0,0.0,1.0,0.0,0.0,3
248,384,312,416,0.0,0.0,0.0,1.0,0.0,1.0,0.0,0.0,3
248,392,312,408,0.0,0.0,0.0,1.0,0.0,1.0,0.0,0.0,3
248,400,312,400,0.0,0.0,0.0,1.0,0.0,1.0,0.0,0.0,3
248,408,312,392,0.0,0.0,0.0,1.0,0.0,1.0,0.0,0.0,3
248,416,312,384,0.0,0.0,0.0,1.0,0.0,1.0,0.0,0.0,3
248,424,312,376,0.0,0.0,0.0,1.0,0.0,1.0,0.0,0.0,3
248,432,312,368,0.0,0.0,0.0,1.0,0.0,1.0,0.0,0.0,3
248,440,312,360,0.0,0.0,0.0,1.0,0.0,1.0,0.0,0.0,3
248,448,312,352,0.0,0.0,0.0,1.0,0.0,1.0,0.0,0.0,3
248,456,312,344,0.0,0.0,0.0,1.0,0.0,1.0,0.0,0.0,3
248,464,312,336,0.0,0.0,0.0,1.0,0.0,1.0,0.0,0.0,3
248,472,312,328,0.0,0.0,0.0,1.0,0.0,1.0,0.0,0.0,3
248,480,312,320,0.0,0.0,0.0,1.0,0.0,1.0,0.0,0.0,3
248,488,312,312,0.0,0.0,0.0,1.0,0.0,1.0,0.0,0.0,3
248,496,312,304,0.0,0.0,0.0,1.0,0.0,1.0,0.0,0.0,3
248,504,312,296,0.0,0.0,0.0,1.0,0.0,1.0,0.0,0.0,3
248,512,312,288,0.0,0.0,0.0,1.0,0.0,1.0,0.0,0.0,3
248,520,312,280,0.0,0.0,0.0,1.0,0.0,1.0,0.0,0.0,3
248,528,312,272,0.0,0.0,0.0,1.0,0.0,1.0,0.0,0.0,3
248,536,312,264,0.0,0.0,0.0,1.0,0.0,1.0,0.0,0.0,3
248,544,312,256,0.0,0.0,0.0,1.0,0.0,1.0,0.0,0.0,3
248,552,312,248,0.0,0.0,0.0,1.0,0.0,1.0,0.0,0.0,3
248,560,312,240,0.0,0.0,0.0,1.0,0.0,1.0,0.0,0.0,3
248,568,312,232,0.0,0.0,0.0,1.0,0.0,1.0,0.0,0.0,3
248,576,312,224,0.0,0.0,0.0,1.0,0.0,1.0,0.0,0.0,3
248,584,312,216,0.0,0.0,0.0,1.0,0.0,1.0,0.0,0.0,3
248,592,312,208,0.0,0.0,0.0,1.0,0.0,1.0,0.0,0.0,3
248,600,312,200,,,,,0.0,1.0,0.0,0.0,2
256,600,304,200,,,,,1.0,0.0,0.0,0.0,2
264,600,296,200,,,,,1.0,0.0,0.0,0.0,2
272,600,288,200,,,,,1.0,0.0,0.0,0.0,2
280,600,280,200,,,,,1.0,0.0,0.0,0.0,2
288,600,272,200,,,,,1.0,0.0,0.0,0.0,2
296,600,264,200,,,,,1.0,0.0,0.0,0.0,2
304,600,256,200,,,,,1.0,0.0,0.0,0.0,2
312,600,248,200,,,,,1.0,0.0,0.0,0.0,2
320,600,240,200,,,,,1.0,0.0,0.0,0.0,2
328,600,232,200,,,,,1.0,0.0,0.0,0.0,2
336,600,224,200,,,,,1.0,0.0,0.0,0.0,2
344,600,216,200,,,,,1.0,0.0,0.0,0.0,2
352,600,208,200,,,,,1.0,0.0,0.0,0.0,2
360,600,200,200,,,,,1.0,0.0,0.0,0.0,2
368,600,192,200,,,,,1.0,0.0,0.0,0.0,2
376,600,184,200,,,,,1.0,0.0,0.0,0.0,2
384,600,176,200,,,,,1.0,0.0,0.0,0.0,2
392,600,168,200,,,,,1.0,0.0,0.0,0.0,2
400,600,160,200,,,,,1.0,0.0,0.0,0.0,2
408,600,152,200,,,,,1.0,0.0,0.0,0.0,2
416,600,144,200,,,,,1.0,0.0,0.0,0.0,2
424,600,136,200,,,,,1.0,0.0,0.0,0.0,2
432,600,128,200,0.0,1.0,0.0,0.0,1.0,0.0,0.0,0.0,1
432,592,128,208,0.0,1.0,0.0,0.0,0.0,0.0,0.0,1.0,1
432,584,128,216,0.0,1.0,0.0,0.0,0.0,0.0,0.0,1.0,1
432,576,128,224,0.0,1.0,0.0,0.0,0.0,0.0,0.0,1.0,1
432,568,128,232,0.0,1.0,0.0,0.0,0.0,0.0,0.0,1.0,1
432,560,128,240,0.0,1.0,0.0,0.0,0.0,0.0,0.0,1.0,1
432,552,128,248,0.0,1.0,0.0,0.0,0.0,0.0,0.0,1.0,1
432,544,128,256,0.0,1.0,0.0,0.0,0.0,0.0,0.0,1.0,1
432,536,128,264,0.0,1.0,0.0,0.0,0.0,0.0,0.0,1.0,1
432,528,128,272,0.0,1.0,0.0,0.0,0.0,0.0,0.0,1.0,1
432,520,128,280,0.0,1.0,0.0,0.0,0.0,0.0,0.0,1.0,1
432,512,128,288,0.0,1.0,0.0,0.0,0.0,0.0,0.0,1.0,1
432,504,128,296,0.0,1.0,0.0,0.0,0.0,0.0,0.0,1.0,1
432,496,128,304,0.0,1.0,0.0,0.0,0.0,0.0,0.0,1.0,1
432,488,128,312,0.0,1.0,0.0,0.0,0.0,0.0,0.0,1.0,1
432,480,128,320,0.0,1.0,0.0,0.0,0.0,0.0,0.0,1.0,1
432,472,128,328,0.0,1.0,0.0,0.0,0.0,0.0,0.0,1.0,1
432,464,128,336,0.0,1.0,0.0,0.0,0.0,0.0,0.0,1.0,1
432,456,128,344,0.0,1.0,0.0,0.0,0.0,0.0,0.0,1.0,1
432,448,128,352,0.0,1.0,0.0,0.0,0.0,0.0,0.0,1.0,1
432,440,128,360,0.0,1.0,0.0,0.0,0.0,0.0,0.0,1.0,1
432,432,128,368,0.0,1.0,0.0,0.0,0.0,0.0,0.0,1.0,1
432,424,128,376,0.0,1.0,0.0,0.0,0.0,0.0,0.0,1.0,1
432,416,128,384,0.0,1.0,0.0,0.0,0.0,0.0,0.0,1.0,1
432,408,128,392,0.0,1.0,0.0,0.0,0.0,0.0,0.0,1.0,1
432,400,128,400,0.0,1.0,0.0,0.0,0.0,0.0,0.0,1.0,1
432,392,128,408,0.0,1.0,0.0,0.0,0.0,0.0,0.0,1.0,1
432,384,128,416,0.0,1.0,0.0,0.0,0.0,0.0,0.0,1.0,1
432,376,128,424,0.0,1.0,0.0,0.0,0.0,0.0,0.0,1.0,1
432,368,128,432,0.0,1.0,0.0,0.0,0.0,0.0,0.0,1.0,1
432,360,128,440,0.0,1.0,0.0,0.0,0.0,0.0,0.0,1.0,1
432,352,128,448,0.0,1.0,0.0,0.0,0.0,0.0,0.0,1.0,1
432,344,128,456,0.0,1.0,0.0,0.0,0.0,0.0,0.0,1.0,1
432,336,128,464,0.0,1.0,0.0,0.0,0.0,0.0,0.0,1.0,1
432,328,128,472,0.0,1.0,0.0,0.0,0.0,0.0,0.0,1.0,1
432,320,128,480,0.0,1.0,0.0,0.0,0.0,0.0,0.0,1.0,1
432,312,128,488,0.0,1.0,0.0,0.0,0.0,0.0,0.0,1.0,1
432,304,128,496,0.0,1.0,0.0,0.0,0.0,0.0,0.0,1.0,1
432,296,128,504,0.0,1.0,0.0,0.0,0.0,0.0,0.0,1.0,1
432,288,128,512,0.0,1.0,0.0,0.0,0.0,0.0,0.0,1.0,1
432,280,128,520,0.0,1.0,0.0,0.0,0.0,0.0,0.0,1.0,1
432,272,128,528,0.0,1.0,0.0,0.0,0.0,0.0,0.0,1.0,1
432,264,128,536,0.0,1.0,0.0,0.0,0.0,0.0,0.0,1.0,1
432,256,128,544,0.0,1.0,0.0,0.0,0.0,0.0,0.0,1.0,1
432,248,128,552,0.0,1.0,0.0,0.0,0.0,0.0,0.0,1.0,1
432,240,128,560,0.0,1.0,0.0,0.0,0.0,0.0,0.0,1.0,1
432,232,128,568,0.0,1.0,0.0,0.0,0.0,0.0,0.0,1.0,1
432,224,128,576,0.0,1.0,0.0,0.0,0.0,0.0,0.0,1.0,1
432,216,128,584,0.0,1.0,0.0,0.0,0.0,0.0,0.0,1.0,1
432,208,128,592,0.0,1.0,0.0,0.0,0.0,0.0,0.0,1.0,1
432,200,128,600,0.0,1.0,0.0,0.0,0.0,0.0,0.0,1.0,1
432,192,128,608,0.0,1.0,0.0,0.0,0.0,0.0,0.0,1.0,1
432,184,128,616,0.0,1.0,0.0,0.0,0.0,0.0,0.0,1.0,1
432,176,128,624,0.0,1.0,0.0,0.0,0.0,0.0,0.0,1.0,1
432,168,128,632,0.0,1.0,0.0,0.0,0.0,0.0,0.0,1.0,1
432,160,128,640,0.0,1.0,0.0,0.0,0.0,0.0,0.0,1.0,1
432,152,128,648,0.0,1.0,0.0,0.0,0.0,0.0,0.0,1.0,1
432,144,128,656,0.0,1.0,0.0,0.0,0.0,0.0,0.0,1.0,1
432,136,128,664,0.0,1.0,0.0,0.0,0.0,0.0,0.0,1.0,1
432,128,128,672,0.0,1.0,0.0,0.0,0.0,0.0,0.0,1.0,1
432,120,128,680,0.0,1.0,0.0,0.0,0.0,0.0,0.0,1.0,1
432,112,128,688,0.0,1.0,0.0,0.0,0.0,0.0,0.0,1.0,1
432,104,128,696,0.0,1.0,0.0,0.0,0.0,0.0,0.0,1.0,1
432,96,128,704,0.0,1.0,0.0,0.0,0.0,0.0,0.0,1.0,1
432,88,128,712,0.0,1.0,0.0,0.0,0.0,0.0,0.0,1.0,1
432,80,128,720,0.0,1.0,0.0,0.0,0.0,0.0,0.0,1.0,1
432,72,128,728,0.0,1.0,0.0,0.0,0.0,0.0,0.0,1.0,1
432,64,128,736,0.0,1.0,0.0,0.0,0.0,0.0,0.0,1.0,1
432,56,128,744,0.0,1.0,0.0,0.0,0.0,0.0,0.0,1.0,1
432,48,128,752,0.0,1.0,0.0,0.0,0.0,0.0,0.0,1.0,1
432,40,128,760,,,,,0.0,0.0,0.0,1.0,3
432,48,128,752,,,,,0.0,1.0,0.0,0.0,3
432,56,128,744,,,,,0.0,1.0,0.0,0.0,3
432,64,128,736,,,,,0.0,1.0,0.0,0.0,3
432,72,128,728,,,,,0.0,1.0,0.0,0.0,3
432,80,128,720,,,,,0.0,1.0,0.0,0.0,3
432,88,128,712,,,,,0.0,1.0,0.0,0.0,3
432,96,128,704,,,,,0.0,1.0,0.0,0.0,3
432,104,128,696,,,,,0.0,1.0,0.0,0.0,3
432,112,128,688,,,,,0.0,1.0,0.0,0.0,3
432,120,128,680,1.0,0.0,0.0,0.0,0.0,1.0,0.0,0.0,0
424,120,136,680,1.0,0.0,0.0,0.0,0.0,0.0,1.0,0.0,0
416,120,144,680,1.0,0.0,0.0,0.0,0.0,0.0,1.0,0.0,0
408,120,152,680,1.0,0.0,0.0,0.0,0.0,0.0,1.0,0.0,0
400,120,160,680,1.0,0.0,0.0,0.0,0.0,0.0,1.0,0.0,0
392,120,168,680,1.0,0.0,0.0,0.0,0.0,0.0,1.0,0.0,0
384,120,176,680,1.0,0.0,0.0,0.0,0.0,0.0,1.0,0.0,0
376,120,184,680,1.0,0.0,0.0,0.0,0.0,0.0,1.0,0.0,0
368,120,192,680,1.0,0.0,0.0,0.0,0.0,0.0,1.0,0.0,0
360,120,200,680,1.0,0.0,0.0,0.0,0.0,0.0,1.0,0.0,0
352,120,208,680,1.0,0.0,0.0,0.0,0.0,0.0,1.0,0.0,0
344,120,216,680,1.0,0.0,0.0,0.0,0.0,0.0,1.0,0.0,0
336,120,224,680,1.0,0.0,0.0,0.0,0.0,0.0,1.0,0.0,0
328,120,232,680,1.0,0.0,0.0,0.0,0.0,0.0,1.0,0.0,0
320,120,240,680,1.0,0.0,0.0,0.0,0.0,0.0,1.0,0.0,0
312,120,248,680,,,,,0.0,0.0,1.0,0.0,3
312,128,248,672,,,,,0.0,1.0,0.0,0.0,3
312,136,248,664,,,,,0.0,1.0,0.0,0.0,3
312,144,248,656,,,,,0.0,1.0,0.0,0.0,3
312,152,248,648,,,,,0.0,1.0,0.0,0.0,3
312,160,248,640,,,,,0.0,1.0,0.0,0.0,3
312,168,248,632,,,,,0.0,1.0,0.0,0.0,3
312,176,248,624,,,,,0.0,1.0,0.0,0.0,3
312,184,248,616,,,,,0.0,1.0,0.0,0.0,3
312,192,248,608,0.0,0.0,1.0,0.0,0.0,1.0,0.0,0.0,2
320,192,240,608,0.0,0.0,1.0,0.0,1.0,0.0,0.0,0.0,2
328,192,232,608,0.0,0.0,1.0,0.0,1.0,0.0,0.0,0.0,2
336,192,224,608,0.0,0.0,1.0,0.0,1.0,0.0,0.0,0.0,2
344,192,216,608,0.0,0.0,1.0,0.0,1.0,0.0,0.0,0.0,2
352,192,208,608,0.0,0.0,1.0,0.0,1.0,0.0,0.0,0.0,2
360,192,200,608,0.0,0.0,1.0,0.0,1.0,0.0,0.0,0.0,2
368,192,192,608,0.0,0.0,1.0,0.0,1.0,0.0,0.0,0.0,2
376,192,184,608,0.0,0.0,1.0,0.0,1.0,0.0,0.0,0.0,2
384,192,176,608,0.0,0.0,1.0,0.0,1.0,0.0,0.0,0.0,2
392,192,168,608,0.0,0.0,1.0,0.0,1.0,0.0,0.0,0.0,2
400,192,160,608,0.0,0.0,1.0,0.0,1.0,0.0,0.0,0.0,2
408,192,152,608,0.0,0.0,1.0,0.0,1.0,0.0,0.0,0.0,2
416,192,144,608,0.0,0.0,1.0,0.0,1.0,0.0,0.0,0.0,2
424,192,136,608,0.0,0.0,1.0,0.0,1.0,0.0,0.0,0.0,2
432,192,128,608,0.0,0.0,1.0,0.0,1.0,0.0,0.0,0.0,2
440,192,120,608,0.0,0.0,1.0,0.0,1.0,0.0,0.0,0.0,2
448,192,112,608,,,,,1.0,0.0,0.0,0.0,0
440,192,120,608,,,,,0.0,0.0,1.0,0.0,0
432,192,128,608,,,,,0.0,0.0,1.0,0.0,0
424,192,136,608,,,,,0.0,0.0,1.0,0.0,0
416,192,144,608,,,,,0.0,0.0,1.0,0.0,0
408,192,152,608,,,,,0.0,0.0,1.0,0.0,0
400,192,160,608,,,,,0.0,0.0,1.0,0.0,0
392,192,168,608,,,,,0.0,0.0,1.0,0.0,0
384,192,176,608,,,,,0.0,0.0,1.0,0.0,0
376,192,184,608,,,,,0.0,0.0,1.0,0.0,0
368,192,192,608,,,,,0.0,0.0,1.0,0.0,0
360,192,200,608,,,,,0.0,0.0,1.0,0.0,0
352,192,208,608,,,,,0.0,0.0,1.0,0.0,0
344,192,216,608,,,,,0.0,0.0,1.0,0.0,0
336,192,224,608,,,,,0.0,0.0,1.0,0.0,0
328,192,232,608,,,,,0.0,0.0,1.0,0.0,0
320,192,240,608,,,,,0.0,0.0,1.0,0.0,0
312,192,248,608,,,,,0.0,0.0,1.0,0.0,0
304,192,256,608,,,,,0.0,0.0,1.0,0.0,0
296,192,264,608,,,,,0.0,0.0,1.0,0.0,0
288,192,272,608,,,,,0.0,0.0,1.0,0.0,0
280,192,280,608,,,,,0.0,0.0,1.0,0.0,0
272,192,288,608,,,,,0.0,0.0,1.0,0.0,0
264,192,296,608,,,,,0.0,0.0,1.0,0.0,0
256,192,304,608,,,,,0.0,0.0,1.0,0.0,0
248,192,312,608,,,,,0.0,0.0,1.0,0.0,0
240,192,320,608,,,,,0.0,0.0,1.0,0.0,0
232,192,328,608,,,,,0.0,0.0,1.0,0.0,0
224,192,336,608,,,,,0.0,0.0,1.0,0.0,0
216,192,344,608,,,,,0.0,0.0,1.0,0.0,0
208,192,352,608,,,,,0.0,0.0,1.0,0.0,0
200,192,360,608,,,,,0.0,0.0,1.0,0.0,0
192,192,368,608,,,,,0.0,0.0,1.0,0.0,0
184,192,376,608,,,,,0.0,0.0,1.0,0.0,0
176,192,384,608,,,,,0.0,0.0,1.0,0.0,0
168,192,392,608,,,,,0.0,0.0,1.0,0.0,0
160,192,400,608,,,,,0.0,0.0,1.0,0.0,0
152,192,408,608,,,,,0.0,0.0,1.0,0.0,0
144,192,416,608,,,,,0.0,0.0,1.0,0.0,0
136,192,424,608,,,,,0.0,0.0,1.0,0.0,0
128,192,432,608,,,,,0.0,0.0,1.0,0.0,0
120,192,440,608,,,,,0.0,0.0,1.0,0.0,0
112,192,448,608,,,,,0.0,0.0,1.0,0.0,0
104,192,456,608,0.0,0.0,0.0,1.0,0.0,0.0,1.0,0.0,3
104,200,456,600,0.0,0.0,0.0,1.0,0.0,1.0,0.0,0.0,3
104,208,456,592,0.0,0.0,0.0,1.0,0.0,1.0,0.0,0.0,3
104,216,456,584,0.0,0.0,0.0,1.0,0.0,1.0,0.0,0.0,3
104,224,456,576,0.0,0.0,0.0,1.0,0.0,1.0,0.0,0.0,3
104,232,456,568,0.0,0.0,0.0,1.0,0.0,1.0,0.0,0.0,3
104,240,456,560,0.0,0.0,0.0,1.0,0.0,1.0,0.0,0.0,3
104,248,456,552,0.0,0.0,0.0,1.0,0.0,1.0,0.0,0.0,3
104,256,456,544,0.0,0.0,0.0,1.0,0.0,1.0,0.0,0.0,3
104,264,456,536,0.0,0.0,0.0,1.0,0.0,1.0,0.0,0.0,3
104,272,456,528,0.0,0.0,0.0,1.0,0.0,1.0,0.0,0.0,3
104,280,456,520,0.0,0.0,0.0,1.0,0.0,1.0,0.0,0.0,3
104,288,456,512,0.0,0.0,0.0,1.0,0.0,1.0,0.0,0.0,3
104,296,456,504,0.0,0.0,0.0,1.0,0.0,1.0,0.0,0.0,3
104,304,456,496,0.0,0.0,0.0,1.0,0.0,1.0,0.0,0.0,3
104,312,456,488,0.0,0.0,0.0,1.0,0.0,1.0,0.0,0.0,3
104,320,456,480,0.0,0.0,0.0,1.0,0.0,1.0,0.0,0.0,3
104,328,456,472,0.0,0.0,0.0,1.0,0.0,1.0,0.0,0.0,3
104,336,456,464,0.0,0.0,0.0,1.0,0.0,1.0,0.0,0.0,3
104,344,456,456,0.0,0.0,0.0,1.0,0.0,1.0,0.0,0.0,3
104,352,456,448,0.0,0.0,0.0,1.0,0.0,1.0,0.0,0.0,3
104,360,456,440,0.0,0.0,0.0,1.0,0.0,1.0,0.0,0.0,3
104,368,456,432,0.0,0.0,0.0,1.0,0.0,1.0,0.0,0.0,3
104,376,456,424,0.0,0.0,0.0,1.0,0.0,1.0,0.0,0.0,3
104,384,456,416,0.0,0.0,0.0,1.0,0.0,1.0,0.0,0.0,3
104,392,456,408,0.0,0.0,0.0,1.0,0.0,1.0,0.0,0.0,3
104,400,456,400,0.0,0.0,0.0,1.0,0.0,1.0,0.0,0.0,3
104,408,456,392,0.0,0.0,0.0,1.0,0.0,1.0,0.0,0.0,3
104,416,456,384,0.0,0.0,0.0,1.0,0.0,1.0,0.0,0.0,3
104,424,456,376,0.0,0.0,0.0,1.0,0.0,1.0,0.0,0.0,3
104,432,456,368,0.0,0.0,0.0,1.0,0.0,1.0,0.0,0.0,3
104,440,456,360,0.0,0.0,0.0,1.0,0.0,1.0,0.0,0.0,3
104,448,456,352,0.0,0.0,0.0,1.0,0.0,1.0,0.0,0.0,3
104,456,456,344,0.0,0.0,0.0,1.0,0.0,1.0,0.0,0.0,3
104,464,456,336,0.0,0.0,0.0,1.0,0.0,1.0,0.0,0.0,3
104,472,456,328,0.0,0.0,0.0,1.0,0.0,1.0,0.0,0.0,3
104,480,456,320,0.0,0.0,0.0,1.0,0.0,1.0,0.0,0.0,3
104,488,456,312,0.0,0.0,0.0,1.0,0.0,1.0,0.0,0.0,3
104,496,456,304,0.0,0.0,0.0,1.0,0.0,1.0,0.0,0.0,3
104,504,456,296,0.0,0.0,0.0,1.0,0.0,1.0,0.0,0.0,3
104,512,456,288,0.0,0.0,0.0,1.0,0.0,1.0,0.0,0.0,3
104,520,456,280,0.0,0.0,0.0,1.0,0.0,1.0,0.0,0.0,3
104,528,456,272,0.0,0.0,0.0,1.0,0.0,1.0,0.0,0.0,3
104,536,456,264,0.0,0.0,0.0,1.0,0.0,1.0,0.0,0.0,3
104,544,456,256,0.0,0.0,0.0,1.0,0.0,1.0,0.0,0.0,3
104,552,456,248,0.0,0.0,0.0,1.0,0.0,1.0,0.0,0.0,3
104,560,456,240,0.0,0.0,0.0,1.0,0.0,1.0,0.0,0.0,3
104,568,456,232,0.0,0.0,0.0,1.0,0.0,1.0,0.0,0.0,3
104,576,456,224,0.0,0.0,0.0,1.0,0.0,1.0,0.0,0.0,3
104,584,456,216,0.0,0.0,0.0,1.0,0.0,1.0,0.0,0.0,3
104,592,456,208,0.0,0.0,0.0,1.0,0.0,1.0,0.0,0.0,3
104,600,456,200,0.0,0.0,0.0,1.0,0.0,1.0,0.0,0.0,3
104,608,456,192,0.0,0.0,0.0,1.0,0.0,1.0,0.0,0.0,3
104,616,456,184,0.0,0.0,0.0,1.0,0.0,1.0,0.0,0.0,3
104,624,456,176,0.0,0.0,0.0,1.0,0.0,1.0,0.0,0.0,3
104,632,456,168,0.0,0.0,0.0,1.0,0.0,1.0,0.0,0.0,3
104,640,456,160,0.0,0.0,0.0,1.0,0.0,1.0,0.0,0.0,3
104,648,456,152,0.0,0.0,0.0,1.0,0.0,1.0,0.0,0.0,3
104,656,456,144,0.0,0.0,0.0,1.0,0.0,1.0,0.0,0.0,3
104,664,456,136,0.0,0.0,0.0,1.0,0.0,1.0,0.0,0.0,3
104,672,456,128,0.0,0.0,0.0,1.0,0.0,1.0,0.0,0.0,3
104,680,456,120,0.0,0.0,0.0,1.0,0.0,1.0,0.0,0.0,3
104,688,456,112,0.0,0.0,0.0,1.0,0.0,1.0,0.0,0.0,3
104,696,456,104,0.0,0.0,0.0,1.0,0.0,1.0,0.0,0.0,3
104,704,456,96,,,,,0.0,1.0,0.0,0.0,1
104,696,456,104,,,,,0.0,0.0,0.0,1.0,1
104,688,456,112,,,,,0.0,0.0,0.0,1.0,1
104,680,456,120,,,,,0.0,0.0,0.0,1.0,1
104,672,456,128,,,,,0.0,0.0,0.0,1.0,1
104,664,456,136,,,,,0.0,0.0,0.0,1.0,1
104,656,456,144,,,,,0.0,0.0,0.0,1.0,1
104,648,456,152,,,,,0.0,0.0,0.0,1.0,1
104,640,456,160,,,,,0.0,0.0,0.0,1.0,1
104,632,456,168,,,,,0.0,0.0,0.0,1.0,1
104,624,456,176,,,,,0.0,0.0,0.0,1.0,1
104,616,456,184,,,,,0.0,0.0,0.0,1.0,1
104,608,456,192,,,,,0.0,0.0,0.0,1.0,1
104,600,456,200,,,,,0.0,0.0,0.0,1.0,1
104,592,456,208,,,,,0.0,0.0,0.0,1.0,1
104,584,456,216,,,,,0.0,0.0,0.0,1.0,1
104,576,456,224,,,,,0.0,0.0,0.0,1.0,1
104,568,456,232,,,,,0.0,0.0,0.0,1.0,1
104,560,456,240,,,,,0.0,0.0,0.0,1.0,1
104,552,456,248,,,,,0.0,0.0,0.0,1.0,1
104,544,456,256,,,,,0.0,0.0,0.0,1.0,1
104,536,456,264,,,,,0.0,0.0,0.0,1.0,1
104,528,456,272,,,,,0.0,0.0,0.0,1.0,1
104,520,456,280,,,,,0.0,0.0,0.0,1.0,1
104,512,456,288,,,,,0.0,0.0,0.0,1.0,1
104,504,456,296,,,,,0.0,0.0,0.0,1.0,1
104,496,456,304,,,,,0.0,0.0,0.0,1.0,1
104,488,456,312,,,,,0.0,0.0,0.0,1.0,1
104,480,456,320,,,,,0.0,0.0,0.0,1.0,1
104,472,456,328,,,,,0.0,0.0,0.0,1.0,1
104,464,456,336,,,,,0.0,0.0,0.0,1.0,1
104,456,456,344,,,,,0.0,0.0,0.0,1.0,1
104,448,456,352,,,,,0.0,0.0,0.0,1.0,1
104,440,456,360,,,,,0.0,0.0,0.0,1.0,1
104,432,456,368,,,,,0.0,0.0,0.0,1.0,1
104,424,456,376,,,,,0.0,0.0,0.0,1.0,1
104,416,456,384,,,,,0.0,0.0,0.0,1.0,1
104,408,456,392,,,,,0.0,0.0,0.0,1.0,1
104,400,456,400,,,,,0.0,0.0,0.0,1.0,1
104,392,456,408,,,,,0.0,0.0,0.0,1.0,1
104,384,456,416,,,,,0.0,0.0,0.0,1.0,1
104,376,456,424,0.0,0.0,1.0,0.0,0.0,0.0,0.0,1.0,2
112,376,448,424,0.0,0.0,1.0,0.0,1.0,0.0,0.0,0.0,2
120,376,440,424,0.0,0.0,1.0,0.0,1.0,0.0,0.0,0.0,2
128,376,432,424,0.0,0.0,1.0,0.0,1.0,0.0,0.0,0.0,2
136,376,424,424,0.0,0.0,1.0,0.0,1.0,0.0,0.0,0.0,2
144,376,416,424,0.0,0.0,1.0,0.0,1.0,0.0,0.0,0.0,2
152,376,408,424,0.0,0.0,1.0,0.0,1.0,0.0,0.0,0.0,2
160,376,400,424,0.0,0.0,1.0,0.0,1.0,0.0,0.0,0.0,2
168,376,392,424,0.0,0.0,1.0,0.0,1.0,0.0,0.0,0.0,2
176,376,384,424,0.0,0.0,1.0,0.0,1.0,0.0,0.0,0.0,2
184,376,376,424,0.0,0.0,1.0,0.0,1.0,0.0,0.0,0.0,2
192,376,368,424,0.0,0.0,1.0,0.0,1.0,0.0,0.0,0.0,2
200,376,360,424,0.0,0.0,1.0,0.0,1.0,0.0,0.0,0.0,2
208,376,352,424,0.0,0.0,1.0,0.0,1.0,0.0,0.0,0.0,2
216,376,344,424,0.0,0.0,1.0,0.0,1.0,0.0,0.0,0.0,2
224,376,336,424,0.0,0.0,1.0,0.0,1.0,0.0,0.0,0.0,2
232,376,328,424,0.0,0.0,1.0,0.0,1.0,0.0,0.0,0.0,2
240,376,320,424,0.0,0.0,1.0,0.0,1.0,0.0,0.0,0.0,2
248,376,312,424,0.0,0.0,1.0,0.0,1.0,0.0,0.0,0.0,2
256,376,304,424,0.0,0.0,1.0,0.0,1.0,0.0,0.0,0.0,2
264,376,296,424,0.0,0.0,1.0,0.0,1.0,0.0,0.0,0.0,2
272,376,288,424,0.0,0.0,1.0,0.0,1.0,0.0,0.0,0.0,2
280,376,280,424,0.0,0.0,1.0,0.0,1.0,0.0,0.0,0.0,2
288,376,272,424,0.0,0.0,1.0,0.0,1.0,0.0,0.0,0.0,2
296,376,264,424,0.0,0.0,1.0,0.0,1.0,0.0,0.0,0.0,2
304,376,256,424,0.0,0.0,1.0,0.0,1.0,0.0,0.0,0.0,2
312,376,248,424,0.0,0.0,1.0,0.0,1.0,0.0,0.0,0.0,2
320,376,240,424,0.0,0.0,1.0,0.0,1.0,0.0,0.0,0.0,2
328,376,232,424,0.0,0.0,1.0,0.0,1.0,0.0,0.0,0.0,2
336,376,224,424,0.0,0.0,1.0,0.0,1.0,0.0,0.0,0.0,2
344,376,216,424,0.0,0.0,1.0,0.0,1.0,0.0,0.0,0.0,2
352,376,208,424,0.0,0.0,1.0,0.0,1.0,0.0,0.0,0.0,2
360,376,200,424,0.0,0.0,1.0,0.0,1.0,0.0,0.0,0.0,2
368,376,192,424,0.0,0.0,1.0,0.0,1.0,0.0,0.0,0.0,2
376,376,184,424,0.0,0.0,1.0,0.0,1.0,0.0,0.0,0.0,2
384,376,176,424,0.0,0.0,1.0,0.0,1.0,0.0,0.0,0.0,2
392,376,168,424,0.0,0.0,1.0,0.0,1.0,0.0,0.0,0.0,2
400,376,160,424,0.0,0.0,1.0,0.0,1.0,0.0,0.0,0.0,2
408,376,152,424,0.0,0.0,1.0,0.0,1.0,0.0,0.0,0.0,2
416,376,144,424,0.0,0.0,1.0,0.0,1.0,0.0,0.0,0.0,2
424,376,136,424,0.0,0.0,1.0,0.0,1.0,0.0,0.0,0.0,2
432,376,128,424,0.0,0.0,1.0,0.0,1.0,0.0,0.0,0.0,2
440,376,120,424,0.0,0.0,1.0,0.0,1.0,0.0,0.0,0.0,2
448,376,112,424,0.0,0.0,1.0,0.0,1.0,0.0,0.0,0.0,2
456,376,104,424,0.0,0.0,1.0,0.0,1.0,0.0,0.0,0.0,2
464,376,96,424,0.0,0.0,1.0,0.0,1.0,0.0,0.0,0.0,2
472,376,88,424,0.0,0.0,1.0,0.0,1.0,0.0,0.0,0.0,2
480,376,80,424,0.0,0.0,1.0,0.0,1.0,0.0,0.0,0.0,2
488,376,72,424,0.0,0.0,1.0,0.0,1.0,0.0,0.0,0.0,2
496,376,64,424,0.0,0.0,1.0,0.0,1.0,0.0,0.0,0.0,2
504,376,56,424,0.0,0.0,1.0,0.0,1.0,0.0,0.0,0.0,2
512,376,48,424,0.0,0.0,1.0,0.0,1.0,0.0,0.0,0.0,2
520,376,40,424,,,,,1.0,0.0,0.0,0.0,0
512,376,48,424,,,,,0.0,0.0,1.0,0.0,0
504,376,56,424,,,,,0.0,0.0,1.0,0.0,0
496,376,64,424,,,,,0.0,0.0,1.0,0.0,0
488,376,72,424,,,,,0.0,0.0,1.0,0.0,0
480,376,80,424,,,,,0.0,0.0,1.0,0.0,0
472,376,88,424,,,,,0.0,0.0,1.0,0.0,0
464,376,96,424,,,,,0.0,0.0,1.0,0.0,0
456,376,104,424,,,,,0.0,0.0,1.0,0.0,0
448,376,112,424,,,,,0.0,0.0,1.0,0.0,0
440,376,120,424,0.0,1.0,0.0,0.0,0.0,0.0,1.0,0.0,1
440,368,120,432,0.0,1.0,0.0,0.0,0.0,0.0,0.0,1.0,1
440,360,120,440,0.0,1.0,0.0,0.0,0.0,0.0,0.0,1.0,1
440,352,120,448,0.0,1.0,0.0,0.0,0.0,0.0,0.0,1.0,1
440,344,120,456,0.0,1.0,0.0,0.0,0.0,0.0,0.0,1.0,1
440,336,120,464,0.0,1.0,0.0,0.0,0.0,0.0,0.0,1.0,1
440,328,120,472,0.0,1.0,0.0,0.0,0.0,0.0,0.0,1.0,1
440,320,120,480,0.0,1.0,0.0,0.0,0.0,0.0,0.0,1.0,1
440,312,120,488,0.0,1.0,0.0,0.0,0.0,0.0,0.0,1.0,1
440,304,120,496,0.0,1.0,0.0,0.0,0.0,0.0,0.0,1.0,1
440,296,120,504,0.0,1.0,0.0,0.0,0.0,0.0,0.0,1.0,1
440,288,120,512,0.0,1.0,0.0,0.0,0.0,0.0,0.0,1.0,1
440,280,120,520,0.0,1.0,0.0,0.0,0.0,0.0,0.0,1.0,1
440,272,120,528,0.0,1.0,0.0,0.0,0.0,0.0,0.0,1.0,1
440,264,120,536,0.0,1.0,0.0,0.0,0.0,0.0,0.0,1.0,1
440,256,120,544,0.0,1.0,0.0,0.0,0.0,0.0,0.0,1.0,1
440,248,120,552,0.0,1.0,0.0,0.0,0.0,0.0,0.0,1.0,1
440,240,120,560,,,,,0.0,0.0,0.0,1.0,0
432,240,128,560,,,,,0.0,0.0,1.0,0.0,0
424,240,136,560,,,,,0.0,0.0,1.0,0.0,0
416,240,144,560,,,,,0.0,0.0,1.0,0.0,0
408,240,152,560,,,,,0.0,0.0,1.0,0.0,0
400,240,160,560,,,,,0.0,0.0,1.0,0.0,0
392,240,168,560,0.0,1.0,0.0,0.0,0.0,0.0,1.0,0.0,1
392,232,168,568,0.0,1.0,0.0,0.0,0.0,0.0,0.0,1.0,1
392,224,168,576,0.0,1.0,0.0,0.0,0.0,0.0,0.0,1.0,1
392,216,168,584,0.0,1.0,0.0,0.0,0.0,0.0,0.0,1.0,1
392,208,168,592,0.0,1.0,0.0,0.0,0.0,0.0,0.0,1.0,1
392,200,168,600,0.0,1.0,0.0,0.0,0.0,0.0,0.0,1.0,1
392,192,168,608,0.0,1.0,0.0,0.0,0.0,0.0,0.0,1.0,1
392,184,168,616,0.0,1.0,0.0,0.0,0.0,0.0,0.0,1.0,1
392,176,168,624,0.0,1.0,0.0,0.0,0.0,0.0,0.0,1.0,1
392,168,168,632,0.0,1.0,0.0,0.0,0.0,0.0,0.0,1.0,1
392,160,168,640,0.0,1.0,0.0,0.0,0.0,0.0,0.0,1.0,1
392,152,168,648,0.0,1.0,0.0,0.0,0.0,0.0,0.0,1.0,1
392,144,168,656,0.0,1.0,0.0,0.0,0.0,0.0,0.0,1.0,1
392,136,168,664,0.0,1.0,0.0,0.0,0.0,0.0,0.0,1.0,1
392,128,168,672,0.0,1.0,0.0,0.0,0.0,0.0,0.0,1.0,1
392,120,168,680,0.0,1.0,0.0,0.0,0.0,0.0,0.0,1.0,1
392,112,168,688,0.0,1.0,0.0,0.0,0.0,0.0,0.0,1.0,1
392,104,168,696,0.0,1.0,0.0,0.0,0.0,0.0,0.0,1.0,1
392,96,168,704,0.0,1.0,0.0,0.0,0.0,0.0,0.0,1.0,1
392,88,168,712,0.0,1.0,0.0,0.0,0.0,0.0,0.0,1.0,1
392,80,168,720,,,,,0.0,0.0,0.0,1.0,2
400,80,160,720,,,,,1.0,0.0,0.0,0.0,2
408,80,152,720,,,,,1.0,0.0,0.0,0.0,2
416,80,144,720,,,,,1.0,0.0,0.0,0.0,2
424,80,136,720,,,,,1.0,0.0,0.0,0.0,2
432,80,128,720,,,,,1.0,0.0,0.0,0.0,2
440,80,120,720,,,,,1.0,0.0,0.0,0.0,2
448,80,112,720,,,,,1.0,0.0,0.0,0.0,2
456,80,104,720,0.0,0.0,0.0,1.0,1.0,0.0,0.0,0.0,3
456,88,104,712,0.0,0.0,0.0,1.0,0.0,1.0,0.0,0.0,3
456,96,104,704,0.0,0.0,0.0,1.0,0.0,1.0,0.0,0.0,3
456,104,104,696,0.0,0.0,0.0,1.0,0.0,1.0,0.0,0.0,3
456,112,104,688,0.0,0.0,0.0,1.0,0.0,1.0,0.0,0.0,3
456,120,104,680,0.0,0.0,0.0,1.0,0.0,1.0,0.0,0.0,3
456,128,104,672,0.0,0.0,0.0,1.0,0.0,1.0,0.0,0.0,3
456,136,104,664,0.0,0.0,0.0,1.0,0.0,1.0,0.0,0.0,3
456,144,104,656,0.0,0.0,0.0,1.0,0.0,1.0,0.0,0.0,3
456,152,104,648,0.0,0.0,0.0,1.0,0.0,1.0,0.0,0.0,3
456,160,104,640,0.0,0.0,0.0,1.0,0.0,1.0,0.0,0.0,3
456,168,104,632,0.0,0.0,0.0,1.0,0.0,1.0,0.0,0.0,3
456,176,104,624,0.0,0.0,0.0,1.0,0.0,1.0,0.0,0.0,3
456,184,104,616,0.0,0.0,0.0,1.0,0.0,1.0,0.0,0.0,3
456,192,104,608,0.0,0.0,0.0,1.0,0.0,1.0,0.0,0.0,3
456,200,104,600,0.0,0.0,0.0,1.0,0.0,1.0,0.0,0.0,3
456,208,104,592,0.0,0.0,0.0,1.0,0.0,1.0,0.0,0.0,3
456,216,104,584,0.0,0.0,0.0,1.0,0.0,1.0,0.0,0.0,3
456,224,104,576,0.0,0.0,0.0,1.0,0.0,1.0,0.0,0.0,3
456,232,104,568,0.0,0.0,0.0,1.0,0.0,1.0,0.0,0.0,3
456,240,104,560,0.0,0.0,0.0,1.0,0.0,1.0,0.0,0.0,3
456,248,104,552,0.0,0.0,0.0,1.0,0.0,1.0,0.0,0.0,3
456,256,104,544,0.0,0.0,0.0,1.0,0.0,1.0,0.0,0.0,3
456,264,104,536,0.0,0.0,0.0,1.0,0.0,1.0,0.0,0.0,3
456,272,104,528,0.0,0.0,0.0,1.0,0.0,1.0,0.0,0.0,3
456,280,104,520,0.0,0.0,0.0,1.0,0.0,1.0,0.0,0.0,3
456,288,104,512,0.0,0.0,0.0,1.0,0.0,1.0,0.0,0.0,3
456,296,104,504,0.0,0.0,0.0,1.0,0.0,1.0,0.0,0.0,3
456,304,104,496,0.0,0.0,0.0,1.0,0.0,1.0,0.0,0.0,3
456,312,104,488,0.0,0.0,0.0,1.0,0.0,1.0,0.0,0.0,3
456,320,104,480,0.0,0.0,0.0,1.0,0.0,1.0,0.0,0.0,3
456,328,104,472,0.0,0.0,0.0,1.0,0.0,1.0,0.0,0.0,3
456,336,104,464,0.0,0.0,0.0,1.0,0.0,1.0,0.0,0.0,3
456,344,104,456,0.0,0.0,0.0,1.0,0.0,1.0,0.0,0.0,3
456,352,104,448,0.0,0.0,0.0,1.0,0.0,1.0,0.0,0.0,3
456,360,104,440,0.0,0.0,0.0,1.0,0.0,1.0,0.0,0.0,3
456,368,104,432,0.0,0.0,0.0,1.0,0.0,1.0,0.0,0.0,3
456,376,104,424,0.0,0.0,0.0,1.0,0.0,1.0,0.0,0.0,3
456,384,104,416,0.0,0.0,0.0,1.0,0.0,1.0,0.0,0.0,3
456,392,104,408,0.0,0.0,0.0,1.0,0.0,1.0,0.0,0.0,3
456,400,104,400,0.0,0.0,0.0,1.0,0.0,1.0,0.0,0.0,3
456,408,104,392,,,,,0.0,1.0,0.0,0.0,0
448,408,112,392,,,,,0.0,0.0,1.0,0.0,0
440,408,120,392,,,,,0.0,0.0,1.0,0.0,0
432,408,128,392,,,,,0.0,0.0,1.0,0.0,0
424,408,136,392,,,,,0.0,0.0,1.0,0.0,0
416,408,144,392,,,,,0.0,0.0,1.0,0.0,0
408,408,152,392,,,,,0.0,0.0,1.0,0.0,0
400,408,160,392,,,,,0.0,0.0,1.0,0.0,0
392,408,168,392,,,,,0.0,0.0,1.0,0.0,0
384,408,176,392,,,,,0.0,0.0,1.0,0.0,0
376,408,184,392,,,,,0.0,0.0,1.0,0.0,0
368,408,192,392,,,,,0.0,0.0,1.0,0.0,0
360,408,200,392,,,,,0.0,0.0,1.0,0.0,0
352,408,208,392,,,,,0.0,0.0,1.0,0.0,0
344,408,216,392,,,,,0.0,0.0,1.0,0.0,0
336,408,224,392,,,,,0.0,0.0,1.0,0.0,0
328,408,232,392,,,,,0.0,0.0,1.0,0.0,0
320,408,240,392,,,,,0.0,0.0,1.0,0.0,0
312,408,248,392,,,,,0.0,0.0,1.0,0.0,0
304,408,256,392,,,,,0.0,0.0,1.0,0.0,0
296,408,264,392,,,,,0.0,0.0,1.0,0.0,0
288,408,272,392,,,,,0.0,0.0,1.0,0.0,0
280,408,280,392,,,,,0.0,0.0,1.0,0.0,0
272,408,288,392,,,,,0.0,0.0,1.0,0.0,0
264,408,296,392,,,,,0.0,0.0,1.0,0.0,0
256,408,304,392,,,,,0.0,0.0,1.0,0.0,0
248,408,312,392,,,,,0.0,0.0,1.0,0.0,0
240,408,320,392,,,,,0.0,0.0,1.0,0.0,0
232,408,328,392,,,,,0.0,0.0,1.0,0.0,0
224,408,336,392,,,,,0.0,0.0,1.0,0.0,0
216,408,344,392,0.0,0.0,0.0,1.0,0.0,0.0,1.0,0.0,3
216,416,344,384,0.0,0.0,0.0,1.0,0.0,1.0,0.0,0.0,3
216,424,344,376,0.0,0.0,0.0,1.0,0.0,1.0,0.0,0.0,3
216,432,344,368,0.0,0.0,0.0,1.0,0.0,1.0,0.0,0.0,3
216,440,344,360,0.0,0.0,0.0,1.0,0.0,1.0,0.0,0.0,3
216,448,344,352,0.0,0.0,0.0,1.0,0.0,1.0,0.0,0.0,3
216,456,344,344,0.0,0.0,0.0,1.0,0.0,1.0,0.0,0.0,3
216,464,344,336,0.0,0.0,0.0,1.0,0.0,1.0,0.0,0.0,3
216,472,344,328,0.0,0.0,0.0,1.0,0.0,1.0,0.0,0.0,3
216,480,344,320,0.0,0.0,0.0,1.0,0.0,1.0,0.0,0.0,3
216,488,344,312,0.0,0.0,0.0,1.0,0.0,1.0,0.0,0.0,3
216,496,344,304,0.0,0.0,0.0,1.0,0.0,1.0,0.0,0.0,3
216,504,344,296,0.0,0.0,0.0,1.0,0.0,1.0,0.0,0.0,3
216,512,344,288,0.0,0.0,0.0,1.0,0.0,1.0,0.0,0.0,3
216,520,344,280,0.0,0.0,0.0,1.0,0.0,1.0,0.0,0.0,3
216,528,344,272,0.0,0.0,0.0,1.0,0.0,1.0,0.0,0.0,3
216,536,344,264,0.0,0.0,0.0,1.0,0.0,1.0,0.0,0.0,3
216,544,344,256,0.0,0.0,0.0,1.0,0.0,1.0,0.0,0.0,3
216,552,344,248,0.0,0.0,0.0,1.0,0.0,1.0,0.0,0.0,3
216,560,344,240,0.0,0.0,0.0,1.0,0.0,1.0,0.0,0.0,3
216,568,344,232,0.0,0.0,0.0,1.0,0.0,1.0,0.0,0.0,3
216,576,344,224,0.0,0.0,0.0,1.0,0.0,1.0,0.0,0.0,3
216,584,344,216,0.0,0.0,0.0,1.0,0.0,1.0,0.0,0.0,3
216,592,344,208,0.0,0.0,0.0,1.0,0.0,1.0,0.0,0.0,3
216,600,344,200,0.0,0.0,0.0,1.0,0.0,1.0,0.0,0.0,3
216,608,344,192,0.0,0.0,0.0,1.0,0.0,1.0,0.0,0.0,3
216,616,344,184,0.0,0.0,0.0,1.0,0.0,1.0,0.0,0.0,3
216,624,344,176,0.0,0.0,0.0,1.0,0.0,1.0,0.0,0.0,3
216,632,344,168,0.0,0.0,0.0,1.0,0.0,1.0,0.0,0.0,3
216,640,344,160,0.0,0.0,0.0,1.0,0.0,1.0,0.0,0.0,3
216,648,344,152,0.0,0.0,0.0,1.0,0.0,1.0,0.0,0.0,3
216,656,344,144,,,,,0.0,1.0,0.0,0.0,3
216,664,344,136,,,,,0.0,1.0,0.0,0.0,3
216,672,344,128,,,,,0.0,1.0,0.0,0.0,3
216,680,344,120,,,,,0.0,1.0,0.0,0.0,3
216,688,344,112,,,,,0.0,1.0,0.0,0.0,3
216,696,344,104,,,,,0.0,1.0,0.0,0.0,3
216,704,344,96,,,,,0.0,1.0,0.0,0.0,3
216,712,344,88,0.0,0.0,1.0,0.0,0.0,1.0,0.0,0.0,2
224,712,336,88,0.0,0.0,1.0,0.0,1.0,0.0,0.0,0.0,2
232,712,328,88,0.0,0.0,1.0,0.0,1.0,0.0,0.0,0.0,2
240,712,320,88,0.0,0.0,1.0,0.0,1.0,0.0,0.0,0.0,2
248,712,312,88,0.0,0.0,1.0,0.0,1.0,0.0,0.0,0.0,2
256,712,304,88,0.0,0.0,1.0,0.0,1.0,0.0,0.0,0.0,2
264,712,296,88,0.0,0.0,1.0,0.0,1.0,0.0,0.0,0.0,2
272,712,288,88,0.0,0.0,1.0,0.0,1.0,0.0,0.0,0.0,2
280,712,280,88,0.0,0.0,1.0,0.0,1.0,0.0,0.0,0.0,2
288,712,272,88,0.0,0.0,1.0,0.0,1.0,0.0,0.0,0.0,2
296,712,264,88,0.0,0.0,1.0,0.0,1.0,0.0,0.0,0.0,2
304,712,256,88,,,,,1.0,0.0,0.0,0.0,0
296,712,264,88,,,,,0.0,0.0,1.0,0.0,0
288,712,272,88,,,,,0.0,0.0,1.0,0.0,0
280,712,280,88,,,,,0.0,0.0,1.0,0.0,0
272,712,288,88,,,,,0.0,0.0,1.0,0.0,0
264,712,296,88,,,,,0.0,0.0,1.0,0.0,0
256,712,304,88,,,,,0.0,0.0,1.0,0.0,0
248,712,312,88,,,,,0.0,0.0,1.0,0.0,0
240,712,320,88,,,,,0.0,0.0,1.0,0.0,0
232,712,328,88,,,,,0.0,0.0,1.0,0.0,0
224,712,336,88,,,,,0.0,0.0,1.0,0.0,0
216,712,344,88,,,,,0.0,0.0,1.0,0.0,0
208,712,352,88,,,,,0.0,0.0,1.0,0.0,0
200,712,360,88,0.0,1.0,0.0,0.0,0.0,0.0,1.0,0.0,1
200,704,360,96,0.0,1.0,0.0,0.0,0.0,0.0,0.0,1.0,1
200,696,360,104,0.0,1.0,0.0,0.0,0.0,0.0,0.0,1.0,1
200,688,360,112,0.0,1.0,0.0,0.0,0.0,0.0,0.0,1.0,1
200,680,360,120,0.0,1.0,0.0,0.0,0.0,0.0,0.0,1.0,1
200,672,360,128,0.0,1.0,0.0,0.0,0.0,0.0,0.0,1.0,1
200,664,360,136,0.0,1.0,0.0,0.0,0.0,0.0,0.0,1.0,1
200,656,360,144,0.0,1.0,0.0,0.0,0.0,0.0,0.0,1.0,1
200,648,360,152,0.0,1.0,0.0,0.0,0.0,0.0,0.0,1.0,1
200,640,360,160,0.0,1.0,0.0,0.0,0.0,0.0,0.0,1.0,1
200,632,360,168,0.0,1.0,0.0,0.0,0.0,0.0,0.0,1.0,1
200,624,360,176,0.0,1.0,0.0,0.0,0.0,0.0,0.0,1.0,1
200,616,360,184,0.0,1.0,0.0,0.0,0.0,0.0,0.0,1.0,1
200,608,360,192,0.0,1.0,0.0,0.0,0.0,0.0,0.0,1.0,1
200,600,360,200,0.0,1.0,0.0,0.0,0.0,0.0,0.0,1.0,1
200,592,360,208,0.0,1.0,0.0,0.0,0.0,0.0,0.0,1.0,1
200,584,360,216,0.0,1.0,0.0,0.0,0.0,0.0,0.0,1.0,1
200,576,360,224,0.0,1.0,0.0,0.0,0.0,0.0,0.0,1.0,1
200,568,360,232,0.0,1.0,0.0,0.0,0.0,0.0,0.0,1.0,1
200,560,360,240,0.0,1.0,0.0,0.0,0.0,0.0,0.0,1.0,1
200,552,360,248,0.0,1.0,0.0,0.0,0.0,0.0,0.0,1.0,1
200,544,360,256,0.0,1.0,0.0,0.0,0.0,0.0,0.0,1.0,1
200,536,360,264,0.0,1.0,0.0,0.0,0.0,0.0,0.0,1.0,1
200,528,360,272,0.0,1.0,0.0,0.0,0.0,0.0,0.0,1.0,1
200,520,360,280,0.0,1.0,0.0,0.0,0.0,0.0,0.0,1.0,1
200,512,360,288,0.0,1.0,0.0,0.0,0.0,0.0,0.0,1.0,1
200,504,360,296,0.0,1.0,0.0,0.0,0.0,0.0,0.0,1.0,1
200,496,360,304,0.0,1.0,0.0,0.0,0.0,0.0,0.0,1.0,1
200,488,360,312,0.0,1.0,0.0,0.0,0.0,0.0,0.0,1.0,1
200,480,360,320,0.0,1.0,0.0,0.0,0.0,0.0,0.0,1.0,1
200,472,360,328,0.0,1.0,0.0,0.0,0.0,0.0,0.0,1.0,1
200,464,360,336,0.0,1.0,0.0,0.0,0.0,0.0,0.0,1.0,1
200,456,360,344,0.0,1.0,0.0,0.0,0.0,0.0,0.0,1.0,1
200,448,360,352,0.0,1.0,0.0,0.0,0.0,0.0,0.0,1.0,1
200,440,360,360,0.0,1.0,0.0,0.0,0.0,0.0,0.0,1.0,1
200,432,360,368,0.0,1.0,0.0,0.0,0.0,0.0,0.0,1.0,1
200,424,360,376,0.0,1.0,0.0,0.0,0.0,0.0,0.0,1.0,1
200,416,360,384,0.0,1.0,0.0,0.0,0.0,0.0,0.0,1.0,1
200,408,360,392,0.0,1.0,0.0,0.0,0.0,0.0,0.0,1.0,1
200,400,360,400,0.0,1.0,0.0,0.0,0.0,0.0,0.0,1.0,1
200,392,360,408,0.0,1.0,0.0,0.0,0.0,0.0,0.0,1.0,1
200,384,360,416,0.0,1.0,0.0,0.0,0.0,0.0,0.0,1.0,1
200,376,360,424,0.0,1.0,0.0,0.0,0.0,0.0,0.0,1.0,1
200,368,360,432,0.0,1.0,0.0,0.0,0.0,0.0,0.0,1.0,1
200,360,360,440,0.0,1.0,0.0,0.0,0.0,0.0,0.0,1.0,1
200,352,360,448,0.0,1.0,0.0,0.0,0.0,0.0,0.0,1.0,1
200,344,360,456,0.0,1.0,0.0,0.0,0.0,0.0,0.0,1.0,1
200,336,360,464,0.0,1.0,0.0,0.0,0.0,0.0,0.0,1.0,1
200,328,360,472,0.0,1.0,0.0,0.0,0.0,0.0,0.0,1.0,1
200,320,360,480,0.0,1.0,0.0,0.0,0.0,0.0,0.0,1.0,1
200,312,360,488,0.0,1.0,0.0,0.0,0.0,0.0,0.0,1.0,1
200,304,360,496,0.0,1.0,0.0,0.0,0.0,0.0,0.0,1.0,1
200,296,360,504,0.0,1.0,0.0,0.0,0.0,0.0,0.0,1.0,1
200,288,360,512,0.0,1.0,0.0,0.0,0.0,0.0,0.0,1.0,1
200,280,360,520,0.0,1.0,0.0,0.0,0.0,0.0,0.0,1.0,1
200,272,360,528,0.0,1.0,0.0,0.0,0.0,0.0,0.0,1.0,1
200,264,360,536,0.0,1.0,0.0,0.0,0.0,0.0,0.0,1.0,1
200,256,360,544,0.0,1.0,0.0,0.0,0.0,0.0,0.0,1.0,1
200,248,360,552,0.0,1.0,0.0,0.0,0.0,0.0,0.0,1.0,1
200,240,360,560,0.0,1.0,0.0,0.0,0.0,0.0,0.0,1.0,1
200,232,360,568,0.0,1.0,0.0,0.0,0.0,0.0,0.0,1.0,1
200,224,360,576,0.0,1.0,0.0,0.0,0.0,0.0,0.0,1.0,1
200,216,360,584,0.0,1.0,0.0,0.0,0.0,0.0,0.0,1.0,1
200,208,360,592,0.0,1.0,0.0,0.0,0.0,0.0,0.0,1.0,1
200,200,360,600,0.0,1.0,0.0,0.0,0.0,0.0,0.0,1.0,1
200,192,360,608,0.0,1.0,0.0,0.0,0.0,0.0,0.0,1.0,1
200,184,360,616,0.0,1.0,0.0,0.0,0.0,0.0,0.0,1.0,1
200,176,360,624,0.0,1.0,0.0,0.0,0.0,0.0,0.0,1.0,1
200,168,360,632,,,,,0.0,0.0,0.0,1.0,2
208,168,352,632,,,,,1.0,0.0,0.0,0.0,2
216,168,344,632,,,,,1.0,0.0,0.0,0.0,2
224,168,336,632,,,,,1.0,0.0,0.0,0.0,2
232,168,328,632,,,,,1.0,0.0,0.0,0.0,2
240,168,320,632,,,,,1.0,0.0,0.0,0.0,2
248,168,312,632,,,,,1.0,0.0,0.0,0.0,2
256,168,304,632,,,,,1.0,0.0,0.0,0.0,2
264,168,296,632,0.0,0.0,0.0,1.0,1.0,0.0,0.0,0.0,3
264,176,296,624,0.0,0.0,0.0,1.0,0.0,1.0,0.0,0.0,3
264,184,296,616,0.0,0.0,0.0,1.0,0.0,1.0,0.0,0.0,3
264,192,296,608,0.0,0.0,0.0,1.0,0.0,1.0,0.0,0.0,3
264,200,296,600,0.0,0.0,0.0,1.0,0.0,1.0,0.0,0.0,3
264,208,296,592,0.0,0.0,0.0,1.0,0.0,1.0,0.0,0.0,3
264,216,296,584,0.0,0.0,0.0,1.0,0.0,1.0,0.0,0.0,3
264,224,296,576,0.0,0.0,0.0,1.0,0.0,1.0,0.0,0.0,3
264,232,296,568,0.0,0.0,0.0,1.0,0.0,1.0,0.0,0.0,3
264,240,296,560,0.0,0.0,0.0,1.0,0.0,1.0,0.0,0.0,3
264,248,296,552,0.0,0.0,0.0,1.0,0.0,1.0,0.0,0.0,3
264,256,296,544,0.0,0.0,0.0,1.0,0.0,1.0,0.0,0.0,3
264,264,296,536,0.0,0.0,0.0,1.0,0.0,1.0,0.0,0.0,3
264,272,296,528,0.0,0.0,0.0,1.0,0.0,1.0,0.0,0.0,3
264,280,296,520,0.0,0.0,0.0,1.0,0.0,1.0,0.0,0.0,3
264,288,296,512,0.0,0.0,0.0,1.0,0.0,1.0,0.0,0.0,3
264,296,296,504,0.0,0.0,0.0,1.0,0.0,1.0,0.0,0.0,3
264,304,296,496,0.0,0.0,0.0,1.0,0.0,1.0,0.0,0.0,3
264,312,296,488,0.0,0.0,0.0,1.0,0.0,1.0,0.0,0.0,3
264,320,296,480,0.0,0.0,0.0,1.0,0.0,1.0,0.0,0.0,3
264,328,296,472,0.0,0.0,0.0,1.0,0.0,1.0,0.0,0.0,3
264,336,296,464,0.0,0.0,0.0,1.0,0.0,1.0,0.0,0.0,3
264,344,296,456,0.0,0.0,0.0,1.0,0.0,1.0,0.0,0.0,3
264,352,296,448,0.0,0.0,0.0,1.0,0.0,1.0,0.0,0.0,3
264,360,296,440,0.0,0.0,0.0,1.0,0.0,1.0,0.0,0.0,3
264,368,296,432,,,,,0.0,1.0,0.0,0.0,2
272,368,288,432,,,,,1.0,0.0,0.0,0.0,2
280,368,280,432,,,,,1.0,0.0,0.0,0.0,2
288,368,272,432,,,,,1.0,0.0,0.0,0.0,2
296,368,264,432,,,,,1.0,0.0,0.0,0.0,2
304,368,256,432,,,,,1.0,0.0,0.0,0.0,2
312,368,248,432,,,,,1.0,0.0,0.0,0.0,2
320,368,240,432,,,,,1.0,0.0,0.0,0.0,2
328,368,232,432,,,,,1.0,0.0,0.0,0.0,2
336,368,224,432,,,,,1.0,0.0,0.0,0.0,2
344,368,216,432,,,,,1.0,0.0,0.0,0.0,2
352,368,208,432,,,,,1.0,0.0,0.0,0.0,2
360,368,200,432,,,,,1.0,0.0,0.0,0.0,2
368,368,192,432,,,,,1.0,0.0,0.0,0.0,2
376,368,184,432,,,,,1.0,0.0,0.0,0.0,2
384,368,176,432,0.0,0.0,0.0,1.0,1.0,0.0,0.0,0.0,3
